timestamp,(A)銅管部温度[℃],(A)吸気部温度[℃],(A)制御センサ,(A)ON設定温度[℃],(A)OFF設定温度[℃],(A)電磁弁状態(ON/OFF),(B)銅管部温度[℃],(B)吸気部温度[℃],(B)制御センサ,(B)ON設定温度[℃],(B)OFF設定温度[℃],(B)電磁弁状態(ON/OFF),(C)銅管部温度[℃],(C)吸気部温度[℃],(C)制御センサ,(C)ON設定温度[℃],(C)OFF設定温度[℃],(C)電磁弁状態(ON/OFF),(D)銅管部温度[℃],(D)吸気部温度[℃],(D)制御センサ,(D)ON設定温度[℃],(D)OFF設定温度[℃],(D)電磁弁状態(ON/OFF),(E)銅管部温度[℃],(E)吸気部温度[℃],(E)制御センサ,(E)ON設定温度[℃],(E)OFF設定温度[℃],(E)電磁弁状態(ON/OFF),(F)銅管部温度[℃],(F)吸気部温度[℃],(F)制御センサ,(F)ON設定温度[℃],(F)OFF設定温度[℃],(F)電磁弁状態(ON/OFF),(G)銅管部温度[℃],(G)吸気部温度[℃],(G)制御センサ,(G)ON設定温度[℃],(G)OFF設定温度[℃],(G)電磁弁状態(ON/OFF),(H)銅管部温度[℃],(H)吸気部温度[℃],(H)制御センサ,(H)ON設定温度[℃],(H)OFF設定温度[℃],(H)電磁弁状態(ON/OFF)
2026-10-05 14:42:34,22.75,23.312,銅管部温度,22,21.9,OFF,22.625,23.5,銅管部温度,23,22.9,OFF,23.187,23.375,銅管部温度,22.5,22.4,OFF,23.375,23.125,銅管部温度,24,23.9,OFF,23.437,23.125,吸気部温度,24.5,24.4,OFF,,,銅管部温度,25,24,OFF,,,銅管部温度,25,24,OFF,,,銅管部温度,25,24,OFF
2026-10-05 14:43:28,22.75,23.375,銅管部温度,22,21.9,OFF,22.625,23.5,銅管部温度,23,22.9,OFF,23.187,23.375,銅管部温度,22.5,22.4,OFF,23.375,23.125,銅管部温度,24,23.9,OFF,23.437,23.125,吸気部温度,24.5,24.4,OFF,,,銅管部温度,25,24,OFF,,,銅管部温度,25,24,OFF,,,銅管部温度,25,24,OFF
2026-10-05 14:44:30,22.812,23.375,銅管部温度,22,21.9,OFF,22.625,23.5,銅管部温度,23,22.9,OFF,23.187,23.375,銅管部温度,22.5,22.4,ON,23.375,23.125,銅管部温度,24,23.9,ON,23.437,23.125,銅管部温度,24.5,24.4,OFF,,,銅管部温度,25,24,OFF,,,銅管部温度,25,24,OFF,,,銅管部温度,25,24,OFF
2026-10-05 14:45:41,22.75,23.375,銅管部温度,22,21.9,OFF,22.625,23.5,銅管部温度,23,22.9,OFF,23.187,23.375,銅管部温度,22.5,22.4,ON,23.375,23.187,銅管部温度,24,23.9,ON,23.375,23.125,銅管部温度,24.5,24.4,OFF,,,銅管部温度,25,24,OFF,,,銅管部温度,25,24,OFF,,,銅管部温度,25,24,OFF
2026-10-05 14:46:34,22.75,23.375,銅管部温度,22,21.9,OFF,22.625,23.5,銅管部温度,23,22.9,OFF,23.187,23.375,銅管部温度,22.5,22.4,ON,23.375,23.187,銅管部温度,24,23.9,ON,23.437,23.125,銅管部温度,24.5,24.4,OFF,,,銅管部温度,25,24,OFF,,,銅管部温度,25,24,OFF,,,銅管部温度,25,24,OFF
2026-10-05 14:47:34,22.812,23.375,銅管部温度,22,21.9,OFF,22.625,23.562,銅管部温度,23,22.9,OFF,23.187,23.375,銅管部温度,22.5,22.4,ON,23.375,23.187,銅管部温度,24,23.9,OFF,23.437,23.125,銅管部温度,24.5,24.4,OFF,,,銅管部温度,25,24,OFF,,,銅管部温度,25,24,OFF,,,銅管部温度,25,24,OFF
2026-10-05 14:48:38,22.75,23.375,銅管部温度,22,21.9,ON,22.625,23.5,銅管部温度,23,22.9,OFF,23.187,23.375,銅管部温度,22.5,22.4,ON,23.375,23.125,銅管部温度,24,23.9,OFF,23.375,23.062,銅管部温度,24.5,24.4,OFF,,,銅管部温度,25,24,OFF,,,銅管部温度,25,24,OFF,,,銅管部温度,25,24,OFF
2026-10-05 16:11:50,22.75,23.375,銅管部温度,22,21.9,OFF,22.625,23.5,銅管部温度,23,22.9,OFF,23.25,23.312,銅管部温度,22.5,22.4,ON,23.312,23.125,銅管部温度,24,23.9,OFF,23.375,23.0,銅管部温度,24.5,24.4,OFF,,,銅管部温度,25,24,OFF,,,銅管部温度,25,24,OFF,,,銅管部温度,25,24,OFF
2026-10-05 16:12:44,22.75,23.375,銅管部温度,22,21.9,OFF,22.625,23.5,銅管部温度,23,22.9,OFF,23.25,23.312,銅管部温度,22.5,22.4,ON,23.312,23.125,銅管部温度,24,23.9,OFF,23.375,23.0,銅管部温度,24.5,24.4,OFF,,,銅管部温度,25,24,OFF,,,銅管部温度,25,24,OFF,,,銅管部温度,25,24,OFF
2026-10-05 16:14:46,22.75,23.375,銅管部温度,22,21.9,OFF,22.625,23.5,銅管部温度,23,22.9,OFF,23.25,23.375,銅管部温度,22.5,22.4,ON,23.312,23.125,銅管部温度,24,23.9,OFF,23.375,23.0,銅管部温度,24.5,24.4,OFF,,,銅管部温度,25,24,OFF,,,銅管部温度,25,24,OFF,,,銅管部温度,25,24,OFF
2026-10-05 16:15:24,22.75,23.312,銅管部温度,22,21.9,OFF,22.687,23.5,銅管部温度,23,22.9,OFF,23.25,23.375,銅管部温度,22.5,22.4,ON,23.375,23.125,銅管部温度,24,23.9,OFF,23.375,23.0,銅管部温度,24.5,24.4,OFF,,,銅管部温度,25,24,OFF,,,銅管部温度,25,24,OFF,,,銅管部温度,25,24,OFF
2026-10-05 16:16:24,22.812,23.375,銅管部温度,22,21.9,OFF,22.687,23.5,銅管部温度,23,22.9,OFF,23.25,23.312,銅管部温度,22.5,22.4,ON,23.375,23.125,銅管部温度,24,23.9,OFF,23.375,23.0,銅管部温度,24.5,24.4,OFF,,,銅管部温度,25,24,OFF,,,銅管部温度,25,24,OFF,,,銅管部温度,25,24,OFF
2026-10-05 16:17:25,22.812,23.375,銅管部温度,22,21.9,OFF,22.687,23.5,銅管部温度,23,22.9,OFF,23.25,23.375,銅管部温度,22.5,22.4,ON,23.375,23.125,銅管部温度,24,23.9,OFF,23.375,23.062,銅管部温度,24.5,24.4,OFF,,,銅管部温度,25,24,OFF,,,銅管部温度,25,24,OFF,,,銅管部温度,25,24,OFF
2026-10-05 16:18:28,22.75,23.375,銅管部温度,22,21.9,OFF,22.687,23.5,銅管部温度,23,22.9,OFF,23.25,23.375,銅管部温度,22.5,22.4,ON,23.312,23.125,銅管部温度,24,23.9,OFF,23.375,23.0,銅管部温度,24.5,24.4,OFF,,,銅管部温度,25,24,OFF,,,銅管部温度,25,24,OFF,,,銅管部温度,25,24,OFF
2026-10-05 16:19:15,22.812,23.312,銅管部温度,22,21.9,OFF,22.687,23.5,銅管部温度,23,22.9,OFF,23.25,23.312,銅管部温度,22.5,22.4,ON,23.375,23.125,銅管部温度,24,23.9,OFF,23.375,23.0,銅管部温度,24.5,24.4,OFF,,,銅管部温度,25,24,OFF,,,銅管部温度,25,24,OFF,,,銅管部温度,25,24,OFF
2026-10-05 16:19:28,22.75,23.375,銅管部温度,22,21.9,OFF,22.625,23.5,銅管部温度,23,22.9,OFF,23.25,23.312,銅管部温度,22.5,22.4,ON,23.375,23.125,銅管部温度,24,23.9,OFF,23.375,23.062,銅管部温度,24.5,24.4,OFF,,,銅管部温度,25,24,OFF,,,銅管部温度,25,24,OFF,,,銅管部温度,25,24,OFF
2026-10-05 16:20:22,22.75,23.375,銅管部温度,22,21.9,OFF,22.625,23.5,銅管部温度,23,22.9,OFF,23.25,23.375,銅管部温度,22.5,22.4,ON,23.312,23.125,銅管部温度,24,23.9,OFF,23.375,23.062,銅管部温度,24.5,24.4,OFF,,,銅管部温度,25,24,OFF,,,銅管部温度,25,24,OFF,,,銅管部温度,25,24,OFF
2026-10-05 16:21:33,22.75,23.375,銅管部温度,22,21.9,OFF,22.687,23.5,銅管部温度,23,22.9,OFF,23.25,23.375,銅管部温度,22.5,22.4,ON,23.312,23.187,銅管部温度,24,23.9,OFF,23.375,23.0,銅管部温度,24.5,24.4,OFF,,,銅管部温度,25,24,OFF,,,銅管部温度,25,24,OFF,,,銅管部温度,25,24,OFF
2026-10-05 16:22:35,22.75,23.375,銅管部温度,22,21.9,ON,22.687,23.437,銅管部温度,23,22.9,OFF,23.312,23.375,銅管部温度,22.5,22.4,ON,23.375,23.125,銅管部温度,24,23.9,OFF,23.375,23.062,銅管部温度,24.5,24.4,OFF,,,銅管部温度,25,24,OFF,,,銅管部温度,25,24,OFF,,,銅管部温度,25,24,OFF
2026-10-05 16:23:27,22.75,23.375,銅管部温度,22,21.9,ON,22.687,23.5,銅管部温度,23,22.9,OFF,23.25,23.375,銅管部温度,22.5,22.4,ON,23.375,23.187,銅管部温度,24,23.9,OFF,23.375,23.062,銅管部温度,24.5,24.4,OFF,,,銅管部温度,25,24,OFF,,,銅管部温度,25,24,OFF,,,銅管部温度,25,24,OFF
2026-10-05 16:24:27,22.75,23.375,銅管部温度,22,21.9,ON,22.687,23.5,銅管部温度,23,22.9,OFF,23.25,23.375,銅管部温度,22.5,22.4,ON,23.375,23.125,銅管部温度,24,23.9,OFF,23.375,23.062,銅管部温度,24.5,24.4,OFF,,,銅管部温度,25,24,OFF,,,銅管部温度,25,24,OFF,,,銅管部温度,25,24,OFF
2026-10-05 16:25:28,22.812,23.375,銅管部温度,22,21.9,ON,22.687,23.437,銅管部温度,23,22.9,OFF,23.25,23.375,銅管部温度,22.5,22.4,ON,23.375,23.187,銅管部温度,24,23.9,OFF,23.375,23.062,銅管部温度,24.5,24.4,OFF,,,銅管部温度,25,24,OFF,,,銅管部温度,25,24,OFF,,,銅管部温度,25,24,OFF
2026-10-05 16:26:37,22.812,23.375,銅管部温度,22,21.9,OFF,22.687,23.5,銅管部温度,23,22.9,OFF,23.25,23.375,銅管部温度,22.5,22.4,ON,23.375,23.187,銅管部温度,24,23.9,OFF,23.375,23.0,銅管部温度,24.5,24.4,OFF,,,銅管部温度,25,24,OFF,,,銅管部温度,25,24,OFF,,,銅管部温度,25,24,OFF
2026-10-05 16:27:28,22.75,23.375,銅管部温度,22,21.9,OFF,22.687,23.5,銅管部温度,23,22.9,OFF,23.25,23.375,銅管部温度,22.5,22.4,ON,23.312,23.187,銅管部温度,24,23.9,OFF,23.375,23.0,銅管部温度,24.5,24.4,OFF,,,銅管部温度,25,24,OFF,,,銅管部温度,25,24,OFF,,,銅管部温度,25,24,OFF
2026-10-05 16:28:29,22.75,23.375,銅管部温度,22,21.9,OFF,22.687,23.5,銅管部温度,23,22.9,OFF,23.312,23.375,銅管部温度,22.5,22.4,ON,23.375,23.187,銅管部温度,24,23.9,OFF,23.375,23.062,銅管部温度,24.5,24.4,OFF,,,銅管部温度,25,24,OFF,,,銅管部温度,25,24,OFF,,,銅管部温度,25,24,OFF
2026-10-05 16:29:29,22.812,23.375,銅管部温度,22,21.9,OFF,22.687,23.5,銅管部温度,23,22.9,OFF,23.25,23.375,銅管部温度,22.5,22.4,ON,23.375,23.125,銅管部温度,24,23.9,OFF,23.375,23.062,銅管部温度,24.5,24.4,OFF,,,銅管部温度,25,24,OFF,,,銅管部温度,25,24,OFF,,,銅管部温度,25,24,OFF
2026-10-05 16:30:31,22.75,23.375,銅管部温度,22,21.9,OFF,22.687,23.5,銅管部温度,23,22.9,OFF,23.25,23.375,銅管部温度,22.5,22.4,ON,23.375,23.187,銅管部温度,24,23.9,OFF,23.375,23.062,銅管部温度,24.5,24.4,OFF,,,銅管部温度,25,24,OFF,,,銅管部温度,25,24,OFF,,,銅管部温度,25,24,OFF
2026-10-05 16:31:41,22.75,23.375,銅管部温度,22,21.9,OFF,22.687,23.5,銅管部温度,23,22.9,OFF,23.25,23.375,銅管部温度,22.5,22.4,ON,23.375,23.187,銅管部温度,24,23.9,OFF,23.375,23.062,銅管部温度,24.5,24.4,OFF,,,銅管部温度,25,24,OFF,,,銅管部温度,25,24,OFF,,,銅管部温度,25,24,OFF
2026-10-05 16:32:33,22.75,23.375,銅管部温度,22,21.9,OFF,22.625,23.5,銅管部温度,23,22.9,OFF,23.25,23.375,銅管部温度,22.5,22.4,ON,23.375,23.187,銅管部温度,24,23.9,OFF,23.375,23.062,銅管部温度,24.5,24.4,OFF,,,銅管部温度,25,24,OFF,,,銅管部温度,25,24,OFF,,,銅管部温度,25,24,OFF
2026-10-05 16:33:42,22.812,23.375,銅管部温度,22,21.9,OFF,22.687,23.5,銅管部温度,23,22.9,OFF,23.25,23.375,銅管部温度,22.5,22.4,ON,23.312,23.187,銅管部温度,24,23.9,OFF,23.375,23.062,銅管部温度,24.5,24.4,OFF,,,銅管部温度,25,24,OFF,,,銅管部温度,25,24,OFF,,,銅管部温度,25,24,OFF
2026-10-05 16:34:34,22.812,23.375,銅管部温度,22,21.9,OFF,22.687,23.5,銅管部温度,23,22.9,OFF,23.25,23.375,銅管部温度,22.5,22.4,ON,23.375,23.125,銅管部温度,24,23.9,OFF,23.375,23.0,銅管部温度,24.5,24.4,OFF,,,銅管部温度,25,24,OFF,,,銅管部温度,25,24,OFF,,,銅管部温度,25,24,OFF
2026-10-05 16:35:34,22.75,23.375,銅管部温度,22,21.9,OFF,22.625,23.5,銅管部温度,23,22.9,OFF,23.25,23.375,銅管部温度,22.5,22.4,ON,23.312,23.187,銅管部温度,24,23.9,OFF,23.375,23.0,銅管部温度,24.5,24.4,OFF,,,銅管部温度,25,24,OFF,,,銅管部温度,25,24,OFF,,,銅管部温度,25,24,OFF
