timestamp,unit,copper_temp,intake_temp,relay
2026-10-02T08:00:00,A,38.2,27.1,false
2026-10-02T08:00:00,B,41.5,28.4,true
2026-10-02T08:00:00,C,36.8,26.9,false
2026-10-02T08:00:00,D,43.1,29.2,true
2026-10-02T08:00:00,E,37.4,27.6,false
2026-10-02T08:00:00,F,39.9,28.1,false
2026-10-02T08:03:00,A,37.8,27.0,false
2026-10-02T08:03:00,B,40.2,28.1,true
2026-10-02T08:03:00,C,36.5,26.8,false
2026-10-02T08:03:00,D,41.7,28.9,true
2026-10-02T08:03:00,E,37.1,27.4,false
2026-10-02T08:03:00,F,39.3,27.9,false
2026-10-02T08:06:00,A,37.3,26.9,false
2026-10-02T08:06:00,B,39.8,27.9,false
2026-10-02T08:06:00,C,36.2,26.7,false
2026-10-02T08:06:00,D,40.5,28.6,true
2026-10-02T08:06:00,E,36.8,27.2,false
2026-10-02T08:06:00,F,38.9,27.7,false
